{"cameraMode":{"drawMode":0,"name":"Shaded","section":"Shading Mode"},"sceneLighting":true,"audioPlay":false,"sceneViewState":{"m_AlwaysRefresh":false,"showFog":false,"showSkybox":false,"showFlares":false,"showImageEffects":false,"showParticleSystems":false,"showVisualEffectGraphs":true,"m_FxEnabled":false},"in2DMode":false,"pivot":{"x":10.538604736328125,"y":6.2814741134643559,"z":11.485623359680176},"rotation":{"x":0.11885591596364975,"y":-0.8361947536468506,"z":0.20049786567687989,"w":0.49673980474472048},"size":2.4603183269500734,"orthographic":false}